date,region,product,channel,units,unit_price,discount
2026-01-03,North,Notebook,Online,12,9.9,0.05
2026-01-04,East,Pen,Store,40,1.5,0.00
2026-01-05,South,Backpack,Online,5,39.0,0.10
2026-01-06,West,Notebook,Store,18,9.9,0.00
2026-01-07,North,Pen,Online,55,1.5,0.05
2026-01-08,East,Backpack,Store,7,39.0,0.00
2026-01-09,South,Notebook,Online,16,9.9,0.08
2026-01-10,West,Pen,Online,80,1.5,0.02
2026-01-11,North,Backpack,Store,6,39.0,0.12
2026-01-12,East,Notebook,Online,20,9.9,0.03
2026-01-13,South,Pen,Store,65,1.5,0.00
2026-01-14,West,Backpack,Online,9,39.0,0.07
